{
    "mod":"tpack",
    "author":"简律纯",
    "ver":"1.0.0",
    "dice_build":612,
    "brief":"一个趣味性的整合包",
    "comment":"reborn重生，poke玩笑，choose选择困难症，nbnhhsh能不能好好说话，time_reply时间分段回复",
    "helpdoc":{
        "tpack":"tpack - 一个趣味性的整合包\n【??】能不能好好说话\n【throw】决策\n【reborn】重生\n【choose】选择困难症\n【poke】自定义戳一戳", 
        "??":"?? - nbnhhsh(能不能好好说话) v1.0.0\n社交平台上通过拼音首字母缩写指代特定词句的情况越来越多，为了让更多人能勉强理解这一门另类沟通方式、做了这一个划词转义工具。", 
        "nbnhhsh":"?? - nbnhhsh(能不能好好说话) v1.0.0\n社交平台上通过拼音首字母缩写指代特定词句的情况越来越多，为了让更多人能勉强理解这一门另类沟通方式、做了这一个划词转义工具。", 
        "能不能好好说话":"?? - nbnhhsh(能不能好好说话) v1.0.0\n社交平台上通过拼音首字母缩写指代特定词句的情况越来越多，为了让更多人能勉强理解这一门另类沟通方式、做了这一个划词转义工具。",
        "throw":"throw - 决策\n【/throw】简单扔个硬币\n【/throw 正xxxx反xxxx】决策",
        "choose":"choose - 选择困难症\n简单来说就是who ABC，输入【选择百事可乐还是可口可乐还是... 】返回其中一项。", 
        "reborn":"reborn - 重生\n趣味性mod，输入【reborn】获取信息。",
        "poke":"poke - 戳一戳回复,\n戳一戳bot即可触发，只对gocq框架有效。"
    }
}